state,latitude,longitude,coverage_type,race_ethnicity,total
Alabama,32.806671,-86.79113,Insured,African-American / Black,1137663
Alabama,32.806671,-86.79113,Medicaid/CHIP,African-American / Black,303756
Alabama,32.806671,-86.79113,Medicare,African-American / Black,235067
Alabama,32.806671,-86.79113,Insured,American Indian / Alaska Native,10278
Alabama,32.806671,-86.79113,Medicaid/CHIP,American Indian / Alaska Native,1266
Alabama,32.806671,-86.79113,Medicare,American Indian / Alaska Native,2722
Alabama,32.806671,-86.79113,Insured,Asian,66370
Alabama,32.806671,-86.79113,Medicaid/CHIP,Asian,6997
Alabama,32.806671,-86.79113,Medicare,Asian,6627
Alabama,32.806671,-86.79113,Insured,Hispanic / Latino,185139
Alabama,32.806671,-86.79113,Medicaid/CHIP,Hispanic / Latino,70373
Alabama,32.806671,-86.79113,Medicare,Hispanic / Latino,12608
Alabama,32.806671,-86.79113,Insured,Native Hawaiian and Other Pacific Islander,N/A
Alabama,32.806671,-86.79113,Medicaid/CHIP,Native Hawaiian and Other Pacific Islander,N/A
Alabama,32.806671,-86.79113,Medicare,Native Hawaiian and Other Pacific Islander,N/A
Alabama,32.806671,-86.79113,Insured,Other / Multiple Races,179004
Alabama,32.806671,-86.79113,Medicaid/CHIP,Other / Multiple Races,37985
Alabama,32.806671,-86.79113,Medicare,Other / Multiple Races,24508
Alabama,32.806671,-86.79113,Insured,White,3002264
Alabama,32.806671,-86.79113,Medicaid/CHIP,White,312715
Alabama,32.806671,-86.79113,Medicare,White,752949
Alaska,61.370716,-152.404419,Insured,African-American / Black,19889
Alaska,61.370716,-152.404419,Medicaid/CHIP,African-American / Black,6129
Alaska,61.370716,-152.404419,Medicare,African-American / Black,2465
Alaska,61.370716,-152.404419,Insured,American Indian / Alaska Native,69460
Alaska,61.370716,-152.404419,Medicaid/CHIP,American Indian / Alaska Native,33460
Alaska,61.370716,-152.404419,Medicare,American Indian / Alaska Native,10392
Alaska,61.370716,-152.404419,Insured,Asian,36811
Alaska,61.370716,-152.404419,Medicaid/CHIP,Asian,5688
Alaska,61.370716,-152.404419,Medicare,Asian,4754
Alaska,61.370716,-152.404419,Insured,Hispanic / Latino,52169
Alaska,61.370716,-152.404419,Medicaid/CHIP,Hispanic / Latino,9787
Alaska,61.370716,-152.404419,Medicare,Hispanic / Latino,3026
Alaska,61.370716,-152.404419,Insured,Native Hawaiian and Other Pacific Islander,9892
Alaska,61.370716,-152.404419,Medicaid/CHIP,Native Hawaiian and Other Pacific Islander,4281
Alaska,61.370716,-152.404419,Medicare,Native Hawaiian and Other Pacific Islander,N/A
Alaska,61.370716,-152.404419,Insured,Other / Multiple Races,72891
Alaska,61.370716,-152.404419,Medicaid/CHIP,Other / Multiple Races,17167
Alaska,61.370716,-152.404419,Medicare,Other / Multiple Races,6160
Alaska,61.370716,-152.404419,Insured,White,390090
Alaska,61.370716,-152.404419,Medicaid/CHIP,White,41438
Alaska,61.370716,-152.404419,Medicare,White,75569
Arizona,33.729759,-111.431221,Insured,African-American / Black,270808
Arizona,33.729759,-111.431221,Medicaid/CHIP,African-American / Black,60726
Arizona,33.729759,-111.431221,Medicare,African-American / Black,39183
Arizona,33.729759,-111.431221,Insured,American Indian / Alaska Native,191452
Arizona,33.729759,-111.431221,Medicaid/CHIP,American Indian / Alaska Native,88862
Arizona,33.729759,-111.431221,Medicare,American Indian / Alaska Native,28267
Arizona,33.729759,-111.431221,Insured,Asian,245094
Arizona,33.729759,-111.431221,Medicaid/CHIP,Asian,20557
Arizona,33.729759,-111.431221,Medicare,Asian,34397
Arizona,33.729759,-111.431221,Insured,Hispanic / Latino,1956091
Arizona,33.729759,-111.431221,Medicaid/CHIP,Hispanic / Latino,607277
Arizona,33.729759,-111.431221,Medicare,Hispanic / Latino,195235
Arizona,33.729759,-111.431221,Insured,Native Hawaiian and Other Pacific Islander,9340
Arizona,33.729759,-111.431221,Medicaid/CHIP,Native Hawaiian and Other Pacific Islander,1301
Arizona,33.729759,-111.431221,Medicare,Native Hawaiian and Other Pacific Islander,1131
Arizona,33.729759,-111.431221,Insured,Other / Multiple Races,295940
Arizona,33.729759,-111.431221,Medicaid/CHIP,Other / Multiple Races,46552
Arizona,33.729759,-111.431221,Medicare,Other / Multiple Races,34538
Arizona,33.729759,-111.431221,Insured,White,3559147
Arizona,33.729759,-111.431221,Medicaid/CHIP,White,317229
Arizona,33.729759,-111.431221,Medicare,White,1083916
Arkansas,34.969704,-92.373123,Insured,African-American / Black,390282
Arkansas,34.969704,-92.373123,Medicaid/CHIP,African-American / Black,138548
Arkansas,34.969704,-92.373123,Medicare,African-American / Black,77799
Arkansas,34.969704,-92.373123,Insured,American Indian / Alaska Native,10235
Arkansas,34.969704,-92.373123,Medicaid/CHIP,American Indian / Alaska Native,3402
Arkansas,34.969704,-92.373123,Medicare,American Indian / Alaska Native,1788
Arkansas,34.969704,-92.373123,Insured,Asian,43397
Arkansas,34.969704,-92.373123,Medicaid/CHIP,Asian,5509
Arkansas,34.969704,-92.373123,Medicare,Asian,3436
Arkansas,34.969704,-92.373123,Insured,Hispanic / Latino,191750
Arkansas,34.969704,-92.373123,Medicaid/CHIP,Hispanic / Latino,69666
Arkansas,34.969704,-92.373123,Medicare,Hispanic / Latino,14242
Arkansas,34.969704,-92.373123,Insured,Native Hawaiian and Other Pacific Islander,8171
Arkansas,34.969704,-92.373123,Medicaid/CHIP,Native Hawaiian and Other Pacific Islander,2973
Arkansas,34.969704,-92.373123,Medicare,Native Hawaiian and Other Pacific Islander,N/A
Arkansas,34.969704,-92.373123,Insured,Other / Multiple Races,198598
Arkansas,34.969704,-92.373123,Medicaid/CHIP,Other / Multiple Races,63018
Arkansas,34.969704,-92.373123,Medicare,Other / Multiple Races,24916
Arkansas,34.969704,-92.373123,Insured,White,1899977
Arkansas,34.969704,-92.373123,Medicaid/CHIP,White,347111
Arkansas,34.969704,-92.373123,Medicare,White,495774
California,36.116203,-119.681564,Insured,African-American / Black,1872022
California,36.116203,-119.681564,Medicaid/CHIP,African-American / Black,503350
California,36.116203,-119.681564,Medicare,African-American / Black,339227
California,36.116203,-119.681564,Insured,American Indian / Alaska Native,84953
California,36.116203,-119.681564,Medicaid/CHIP,American Indian / Alaska Native,23790
California,36.116203,-119.681564,Medicare,American Indian / Alaska Native,19592
California,36.116203,-119.681564,Insured,Asian,5718863
California,36.116203,-119.681564,Medicaid/CHIP,Asian,758015
California,36.116203,-119.681564,Medicare,Asian,1009069
California,36.116203,-119.681564,Insured,Hispanic / Latino,13955568
California,36.116203,-119.681564,Medicaid/CHIP,Hispanic / Latino,4945678
California,36.116203,-119.681564,Medicare,Hispanic / Latino,1464885
California,36.116203,-119.681564,Insured,Native Hawaiian and Other Pacific Islander,124626
California,36.116203,-119.681564,Medicaid/CHIP,Native Hawaiian and Other Pacific Islander,28456
California,36.116203,-119.681564,Medicare,Native Hawaiian and Other Pacific Islander,18148
California,36.116203,-119.681564,Insured,Other / Multiple Races,1825425
California,36.116203,-119.681564,Medicaid/CHIP,Other / Multiple Races,329126
California,36.116203,-119.681564,Medicare,Other / Multiple Races,192293
California,36.116203,-119.681564,Insured,White,12646019
California,36.116203,-119.681564,Medicaid/CHIP,White,1388579
California,36.116203,-119.681564,Medicare,White,3277819
Colorado,39.059811,-105.311104,Insured,African-American / Black,195305
Colorado,39.059811,-105.311104,Medicaid/CHIP,African-American / Black,58198
Colorado,39.059811,-105.311104,Medicare,African-American / Black,27327
Colorado,39.059811,-105.311104,Insured,American Indian / Alaska Native,19452
Colorado,39.059811,-105.311104,Medicaid/CHIP,American Indian / Alaska Native,6116
Colorado,39.059811,-105.311104,Medicare,American Indian / Alaska Native,3394
Colorado,39.059811,-105.311104,Insured,Asian,170816
Colorado,39.059811,-105.311104,Medicaid/CHIP,Asian,18417
Colorado,39.059811,-105.311104,Medicare,Asian,20206
Colorado,39.059811,-105.311104,Insured,Hispanic / Latino,1123673
Colorado,39.059811,-105.311104,Medicaid/CHIP,Hispanic / Latino,316933
Colorado,39.059811,-105.311104,Medicare,Hispanic / Latino,110998
Colorado,39.059811,-105.311104,Insured,Native Hawaiian and Other Pacific Islander,N/A
Colorado,39.059811,-105.311104,Medicaid/CHIP,Native Hawaiian and Other Pacific Islander,N/A
Colorado,39.059811,-105.311104,Medicare,Native Hawaiian and Other Pacific Islander,N/A
Colorado,39.059811,-105.311104,Insured,Other / Multiple Races,283002
Colorado,39.059811,-105.311104,Medicaid/CHIP,Other / Multiple Races,48559
Colorado,39.059811,-105.311104,Medicare,Other / Multiple Races,22790
Colorado,39.059811,-105.311104,Insured,White,3589516
Colorado,39.059811,-105.311104,Medicaid/CHIP,White,348180
Colorado,39.059811,-105.311104,Medicare,White,742565
Connecticut,41.597782,-72.755371,Insured,African-American / Black,322541
Connecticut,41.597782,-72.755371,Medicaid/CHIP,African-American / Black,96996
Connecticut,41.597782,-72.755371,Medicare,African-American / Black,43949
Connecticut,41.597782,-72.755371,Insured,American Indian / Alaska Native,3260
Connecticut,41.597782,-72.755371,Medicaid/CHIP,American Indian / Alaska Native,1805
Connecticut,41.597782,-72.755371,Medicare,American Indian / Alaska Native,417
Connecticut,41.597782,-72.755371,Insured,Asian,162058
Connecticut,41.597782,-72.755371,Medicaid/CHIP,Asian,27934
Connecticut,41.597782,-72.755371,Medicare,Asian,15515
Connecticut,41.597782,-72.755371,Insured,Hispanic / Latino,578584
Connecticut,41.597782,-72.755371,Medicaid/CHIP,Hispanic / Latino,217928
Connecticut,41.597782,-72.755371,Medicare,Hispanic / Latino,57376
Connecticut,41.597782,-72.755371,Insured,Native Hawaiian and Other Pacific Islander,N/A
Connecticut,41.597782,-72.755371,Medicaid/CHIP,Native Hawaiian and Other Pacific Islander,N/A
Connecticut,41.597782,-72.755371,Medicare,Native Hawaiian and Other Pacific Islander,N/A
Connecticut,41.597782,-72.755371,Insured,Other / Multiple Races,172968
Connecticut,41.597782,-72.755371,Medicaid/CHIP,Other / Multiple Races,32978
Connecticut,41.597782,-72.755371,Medicare,Other / Multiple Races,17769
Connecticut,41.597782,-72.755371,Insured,White,2164676
Connecticut,41.597782,-72.755371,Medicaid/CHIP,White,202335
Connecticut,41.597782,-72.755371,Medicare,White,534872
Delaware,39.318523,-75.507141,Insured,African-American / Black,200673
Delaware,39.318523,-75.507141,Medicaid/CHIP,African-American / Black,50215
Delaware,39.318523,-75.507141,Medicare,African-American / Black,33339
Delaware,39.318523,-75.507141,Insured,American Indian / Alaska Native,N/A
Delaware,39.318523,-75.507141,Medicaid/CHIP,American Indian / Alaska Native,N/A
Delaware,39.318523,-75.507141,Medicare,American Indian / Alaska Native,N/A
Delaware,39.318523,-75.507141,Insured,Asian,39147
Delaware,39.318523,-75.507141,Medicaid/CHIP,Asian,2226
Delaware,39.318523,-75.507141,Medicare,Asian,4912
Delaware,39.318523,-75.507141,Insured,Hispanic / Latino,86835
Delaware,39.318523,-75.507141,Medicaid/CHIP,Hispanic / Latino,29104
Delaware,39.318523,-75.507141,Medicare,Hispanic / Latino,7625
Delaware,39.318523,-75.507141,Insured,Native Hawaiian and Other Pacific Islander,N/A
Delaware,39.318523,-75.507141,Medicaid/CHIP,Native Hawaiian and Other Pacific Islander,N/A
Delaware,39.318523,-75.507141,Medicare,Native Hawaiian and Other Pacific Islander,N/A
Delaware,39.318523,-75.507141,Insured,Other / Multiple Races,49518
Delaware,39.318523,-75.507141,Medicaid/CHIP,Other / Multiple Races,11094
Delaware,39.318523,-75.507141,Medicare,Other / Multiple Races,6552
Delaware,39.318523,-75.507141,Insured,White,575875
Delaware,39.318523,-75.507141,Medicaid/CHIP,White,53442
Delaware,39.318523,-75.507141,Medicare,White,166546
Dist. of Columbia,38.89511,-77.03637,Insured,African-American / Black,266238
Dist. of Columbia,38.89511,-77.03637,Medicaid/CHIP,African-American / Black,96768
Dist. of Columbia,38.89511,-77.03637,Medicare,African-American / Black,49202
Dist. of Columbia,38.89511,-77.03637,Insured,American Indian / Alaska Native,N/A
Dist. of Columbia,38.89511,-77.03637,Medicaid/CHIP,American Indian / Alaska Native,N/A
Dist. of Columbia,38.89511,-77.03637,Medicare,American Indian / Alaska Native,N/A
Dist. of Columbia,38.89511,-77.03637,Insured,Asian,26944
Dist. of Columbia,38.89511,-77.03637,Medicaid/CHIP,Asian,1095
Dist. of Columbia,38.89511,-77.03637,Medicare,Asian,2166
Dist. of Columbia,38.89511,-77.03637,Insured,Hispanic / Latino,74738
Dist. of Columbia,38.89511,-77.03637,Medicaid/CHIP,Hispanic / Latino,10328
Dist. of Columbia,38.89511,-77.03637,Medicare,Hispanic / Latino,6129
Dist. of Columbia,38.89511,-77.03637,Insured,Native Hawaiian and Other Pacific Islander,N/A
Dist. of Columbia,38.89511,-77.03637,Medicaid/CHIP,Native Hawaiian and Other Pacific Islander,N/A
Dist. of Columbia,38.89511,-77.03637,Medicare,Native Hawaiian and Other Pacific Islander,N/A
Dist. of Columbia,38.89511,-77.03637,Insured,Other / Multiple Races,36528
Dist. of Columbia,38.89511,-77.03637,Medicaid/CHIP,Other / Multiple Races,4298
Dist. of Columbia,38.89511,-77.03637,Medicare,Other / Multiple Races,3068
Dist. of Columbia,38.89511,-77.03637,Insured,White,242176
Dist. of Columbia,38.89511,-77.03637,Medicaid/CHIP,White,5763
Dist. of Columbia,38.89511,-77.03637,Medicare,White,28364
Florida,27.766279,-81.686783,Insured,African-American / Black,2768036
Florida,27.766279,-81.686783,Medicaid/CHIP,African-American / Black,712387
Florida,27.766279,-81.686783,Medicare,African-American / Black,466947
Florida,27.766279,-81.686783,Insured,American Indian / Alaska Native,17612
Florida,27.766279,-81.686783,Medicaid/CHIP,American Indian / Alaska Native,2833
Florida,27.766279,-81.686783,Medicare,American Indian / Alaska Native,5202
Florida,27.766279,-81.686783,Insured,Asian,570205
Florida,27.766279,-81.686783,Medicaid/CHIP,Asian,43847
Florida,27.766279,-81.686783,Medicare,Asian,93901
Florida,27.766279,-81.686783,Insured,Hispanic / Latino,4982584
Florida,27.766279,-81.686783,Medicaid/CHIP,Hispanic / Latino,1018495
Florida,27.766279,-81.686783,Medicare,Hispanic / Latino,790296
Florida,27.766279,-81.686783,Insured,Native Hawaiian and Other Pacific Islander,8498
Florida,27.766279,-81.686783,Medicaid/CHIP,Native Hawaiian and Other Pacific Islander,499
Florida,27.766279,-81.686783,Medicare,Native Hawaiian and Other Pacific Islander,924
Florida,27.766279,-81.686783,Insured,Other / Multiple Races,887511
Florida,27.766279,-81.686783,Medicaid/CHIP,Other / Multiple Races,166123
Florida,27.766279,-81.686783,Medicare,Other / Multiple Races,124938
Florida,27.766279,-81.686783,Insured,White,10310660
Florida,27.766279,-81.686783,Medicaid/CHIP,White,830432
Florida,27.766279,-81.686783,Medicare,White,3430253
Georgia,33.040619,-83.643074,Insured,African-American / Black,2916762
Georgia,33.040619,-83.643074,Medicaid/CHIP,African-American / Black,644331
Georgia,33.040619,-83.643074,Medicare,African-American / Black,474574
Georgia,33.040619,-83.643074,Insured,American Indian / Alaska Native,9582
Georgia,33.040619,-83.643074,Medicaid/CHIP,American Indian / Alaska Native,1497
Georgia,33.040619,-83.643074,Medicare,American Indian / Alaska Native,2028
Georgia,33.040619,-83.643074,Insured,Asian,440479
Georgia,33.040619,-83.643074,Medicaid/CHIP,Asian,33137
Georgia,33.040619,-83.643074,Medicare,Asian,50551
Georgia,33.040619,-83.643074,Insured,Hispanic / Latino,801171
Georgia,33.040619,-83.643074,Medicaid/CHIP,Hispanic / Latino,241830
Georgia,33.040619,-83.643074,Medicare,Hispanic / Latino,56576
Georgia,33.040619,-83.643074,Insured,Native Hawaiian and Other Pacific Islander,4454
Georgia,33.040619,-83.643074,Medicaid/CHIP,Native Hawaiian and Other Pacific Islander,N/A
Georgia,33.040619,-83.643074,Medicare,Native Hawaiian and Other Pacific Islander,N/A
Georgia,33.040619,-83.643074,Insured,Other / Multiple Races,452431
Georgia,33.040619,-83.643074,Medicaid/CHIP,Other / Multiple Races,89587
Georgia,33.040619,-83.643074,Medicare,Other / Multiple Races,44786
Georgia,33.040619,-83.643074,Insured,White,4906152
Georgia,33.040619,-83.643074,Medicaid/CHIP,White,415071
Georgia,33.040619,-83.643074,Medicare,White,1149013
Hawaii,21.094318,-157.498337,Insured,African-American / Black,21193
Hawaii,21.094318,-157.498337,Medicaid/CHIP,African-American / Black,650
Hawaii,21.094318,-157.498337,Medicare,African-American / Black,2001
Hawaii,21.094318,-157.498337,Insured,American Indian / Alaska Native,N/A
Hawaii,21.094318,-157.498337,Medicaid/CHIP,American Indian / Alaska Native,N/A
Hawaii,21.094318,-157.498337,Medicare,American Indian / Alaska Native,N/A
Hawaii,21.094318,-157.498337,Insured,Asian,484523
Hawaii,21.094318,-157.498337,Medicaid/CHIP,Asian,38555
Hawaii,21.094318,-157.498337,Medicare,Asian,147204
Hawaii,21.094318,-157.498337,Insured,Hispanic / Latino,149086
Hawaii,21.094318,-157.498337,Medicaid/CHIP,Hispanic / Latino,32395
Hawaii,21.094318,-157.498337,Medicare,Hispanic / Latino,11050
Hawaii,21.094318,-157.498337,Insured,Native Hawaiian and Other Pacific Islander,126454
Hawaii,21.094318,-157.498337,Medicaid/CHIP,Native Hawaiian and Other Pacific Islander,44021
Hawaii,21.094318,-157.498337,Medicare,Native Hawaiian and Other Pacific Islander,21821
Hawaii,21.094318,-157.498337,Insured,Other / Multiple Races,313022
Hawaii,21.094318,-157.498337,Medicaid/CHIP,Other / Multiple Races,56444
Hawaii,21.094318,-157.498337,Medicare,Other / Multiple Races,37025
Hawaii,21.094318,-157.498337,Insured,White,284844
Hawaii,21.094318,-157.498337,Medicaid/CHIP,White,26140
Hawaii,21.094318,-157.498337,Medicare,White,75312
Idaho,44.240459,-114.478828,Insured,African-American / Black,10245
Idaho,44.240459,-114.478828,Medicaid/CHIP,African-American / Black,3291
Idaho,44.240459,-114.478828,Medicare,African-American / Black,254
Idaho,44.240459,-114.478828,Insured,American Indian / Alaska Native,12195
Idaho,44.240459,-114.478828,Medicaid/CHIP,American Indian / Alaska Native,3289
Idaho,44.240459,-114.478828,Medicare,American Indian / Alaska Native,2431
Idaho,44.240459,-114.478828,Insured,Asian,24604
Idaho,44.240459,-114.478828,Medicaid/CHIP,Asian,1190
Idaho,44.240459,-114.478828,Medicare,Asian,3324
Idaho,44.240459,-114.478828,Insured,Hispanic / Latino,212345
Idaho,44.240459,-114.478828,Medicaid/CHIP,Hispanic / Latino,63773
Idaho,44.240459,-114.478828,Medicare,Hispanic / Latino,15637
Idaho,44.240459,-114.478828,Insured,Native Hawaiian and Other Pacific Islander,N/A
Idaho,44.240459,-114.478828,Medicaid/CHIP,Native Hawaiian and Other Pacific Islander,N/A
Idaho,44.240459,-114.478828,Medicare,Native Hawaiian and Other Pacific Islander,N/A
Idaho,44.240459,-114.478828,Insured,Other / Multiple Races,77192
Idaho,44.240459,-114.478828,Medicaid/CHIP,Other / Multiple Races,14789
Idaho,44.240459,-114.478828,Medicare,Other / Multiple Races,12575
Idaho,44.240459,-114.478828,Insured,White,1423084
Idaho,44.240459,-114.478828,Medicaid/CHIP,White,188572
Idaho,44.240459,-114.478828,Medicare,White,318581
Illinois,40.349457,-88.986137,Insured,African-American / Black,1505913
Illinois,40.349457,-88.986137,Medicaid/CHIP,African-American / Black,519876
Illinois,40.349457,-88.986137,Medicare,African-American / Black,270708
Illinois,40.349457,-88.986137,Insured,American Indian / Alaska Native,8038
Illinois,40.349457,-88.986137,Medicaid/CHIP,American Indian / Alaska Native,1793
Illinois,40.349457,-88.986137,Medicare,American Indian / Alaska Native,1932
Illinois,40.349457,-88.986137,Insured,Asian,691873
Illinois,40.349457,-88.986137,Medicaid/CHIP,Asian,74555
Illinois,40.349457,-88.986137,Medicare,Asian,101024
Illinois,40.349457,-88.986137,Insured,Hispanic / Latino,1941296
Illinois,40.349457,-88.986137,Medicaid/CHIP,Hispanic / Latino,539426
Illinois,40.349457,-88.986137,Medicare,Hispanic / Latino,181443
Illinois,40.349457,-88.986137,Insured,Native Hawaiian and Other Pacific Islander,N/A
Illinois,40.349457,-88.986137,Medicaid/CHIP,Native Hawaiian and Other Pacific Islander,N/A
Illinois,40.349457,-88.986137,Medicare,Native Hawaiian and Other Pacific Islander,N/A
Illinois,40.349457,-88.986137,Insured,Other / Multiple Races,475066
Illinois,40.349457,-88.986137,Medicaid/CHIP,Other / Multiple Races,115735
Illinois,40.349457,-88.986137,Medicare,Other / Multiple Races,49729
Illinois,40.349457,-88.986137,Insured,White,6989950
Illinois,40.349457,-88.986137,Medicaid/CHIP,White,686975
Illinois,40.349457,-88.986137,Medicare,White,1609672
Indiana,39.849426,-86.258278,Insured,African-American / Black,559359
Indiana,39.849426,-86.258278,Medicaid/CHIP,African-American / Black,188791
Indiana,39.849426,-86.258278,Medicare,African-American / Black,87725
Indiana,39.849426,-86.258278,Insured,American Indian / Alaska Native,5099
Indiana,39.849426,-86.258278,Medicaid/CHIP,American Indian / Alaska Native,793
Indiana,39.849426,-86.258278,Medicare,American Indian / Alaska Native,1597
Indiana,39.849426,-86.258278,Insured,Asian,158666
Indiana,39.849426,-86.258278,Medicaid/CHIP,Asian,21668
Indiana,39.849426,-86.258278,Medicare,Asian,12436
Indiana,39.849426,-86.258278,Insured,Hispanic / Latino,455639
Indiana,39.849426,-86.258278,Medicaid/CHIP,Hispanic / Latino,138418
Indiana,39.849426,-86.258278,Medicare,Hispanic / Latino,35632
Indiana,39.849426,-86.258278,Insured,Native Hawaiian and Other Pacific Islander,N/A
Indiana,39.849426,-86.258278,Medicaid/CHIP,Native Hawaiian and Other Pacific Islander,N/A
Indiana,39.849426,-86.258278,Medicare,Native Hawaiian and Other Pacific Islander,N/A
Indiana,39.849426,-86.258278,Insured,Other / Multiple Races,278248
Indiana,39.849426,-86.258278,Medicaid/CHIP,Other / Multiple Races,73691
Indiana,39.849426,-86.258278,Medicare,Other / Multiple Races,29304
Indiana,39.849426,-86.258278,Insured,White,4826519
Indiana,39.849426,-86.258278,Medicaid/CHIP,White,619917
Indiana,39.849426,-86.258278,Medicare,White,1069496
Iowa,42.011539,-93.210526,Insured,African-American / Black,106886
Iowa,42.011539,-93.210526,Medicaid/CHIP,African-American / Black,48832
Iowa,42.011539,-93.210526,Medicare,African-American / Black,9520
Iowa,42.011539,-93.210526,Insured,American Indian / Alaska Native,3896
Iowa,42.011539,-93.210526,Medicaid/CHIP,American Indian / Alaska Native,760
Iowa,42.011539,-93.210526,Medicare,American Indian / Alaska Native,1409
Iowa,42.011539,-93.210526,Insured,Asian,75879
Iowa,42.011539,-93.210526,Medicaid/CHIP,Asian,12926
Iowa,42.011539,-93.210526,Medicare,Asian,8421
Iowa,42.011539,-93.210526,Insured,Hispanic / Latino,194471
Iowa,42.011539,-93.210526,Medicaid/CHIP,Hispanic / Latino,49167
Iowa,42.011539,-93.210526,Medicare,Hispanic / Latino,10607
Iowa,42.011539,-93.210526,Insured,Native Hawaiian and Other Pacific Islander,N/A
Iowa,42.011539,-93.210526,Medicaid/CHIP,Native Hawaiian and Other Pacific Islander,N/A
Iowa,42.011539,-93.210526,Medicare,Native Hawaiian and Other Pacific Islander,N/A
Iowa,42.011539,-93.210526,Insured,Other / Multiple Races,117234
Iowa,42.011539,-93.210526,Medicaid/CHIP,Other / Multiple Races,32983
Iowa,42.011539,-93.210526,Medicare,Other / Multiple Races,10924
Iowa,42.011539,-93.210526,Insured,White,2525132
Iowa,42.011539,-93.210526,Medicaid/CHIP,White,302559
Iowa,42.011539,-93.210526,Medicare,White,569498
Kansas,38.5266,-96.726486,Insured,African-American / Black,121287
Kansas,38.5266,-96.726486,Medicaid/CHIP,African-American / Black,20938
Kansas,38.5266,-96.726486,Medicare,African-American / Black,23538
Kansas,38.5266,-96.726486,Insured,American Indian / Alaska Native,9486
Kansas,38.5266,-96.726486,Medicaid/CHIP,American Indian / Alaska Native,1406
Kansas,38.5266,-96.726486,Medicare,American Indian / Alaska Native,1848
Kansas,38.5266,-96.726486,Insured,Asian,78900
Kansas,38.5266,-96.726486,Medicaid/CHIP,Asian,5682
Kansas,38.5266,-96.726486,Medicare,Asian,7558
Kansas,38.5266,-96.726486,Insured,Hispanic / Latino,301846
Kansas,38.5266,-96.726486,Medicaid/CHIP,Hispanic / Latino,78901
Kansas,38.5266,-96.726486,Medicare,Hispanic / Latino,20410
Kansas,38.5266,-96.726486,Insured,Native Hawaiian and Other Pacific Islander,N/A
Kansas,38.5266,-96.726486,Medicaid/CHIP,Native Hawaiian and Other Pacific Islander,N/A
Kansas,38.5266,-96.726486,Medicare,Native Hawaiian and Other Pacific Islander,N/A
Kansas,38.5266,-96.726486,Insured,Other / Multiple Races,147957
Kansas,38.5266,-96.726486,Medicaid/CHIP,Other / Multiple Races,25834
Kansas,38.5266,-96.726486,Medicare,Other / Multiple Races,14584
Kansas,38.5266,-96.726486,Insured,White,1987358
Kansas,38.5266,-96.726486,Medicaid/CHIP,White,150602
Kansas,38.5266,-96.726486,Medicare,White,454890
Kentucky,37.66814,-84.670067,Insured,African-American / Black,312668
Kentucky,37.66814,-84.670067,Medicaid/CHIP,African-American / Black,114007
Kentucky,37.66814,-84.670067,Medicare,African-American / Black,53401
Kentucky,37.66814,-84.670067,Insured,American Indian / Alaska Native,2633
Kentucky,37.66814,-84.670067,Medicaid/CHIP,American Indian / Alaska Native,431
Kentucky,37.66814,-84.670067,Medicare,American Indian / Alaska Native,517
Kentucky,37.66814,-84.670067,Insured,Asian,58423
Kentucky,37.66814,-84.670067,Medicaid/CHIP,Asian,12099
Kentucky,37.66814,-84.670067,Medicare,Asian,5338
Kentucky,37.66814,-84.670067,Insured,Hispanic / Latino,150427
Kentucky,37.66814,-84.670067,Medicaid/CHIP,Hispanic / Latino,55075
Kentucky,37.66814,-84.670067,Medicare,Hispanic / Latino,9544
Kentucky,37.66814,-84.670067,Insured,Native Hawaiian and Other Pacific Islander,N/A
Kentucky,37.66814,-84.670067,Medicaid/CHIP,Native Hawaiian and Other Pacific Islander,N/A
Kentucky,37.66814,-84.670067,Medicare,Native Hawaiian and Other Pacific Islander,N/A
Kentucky,37.66814,-84.670067,Insured,Other / Multiple Races,186988
Kentucky,37.66814,-84.670067,Medicaid/CHIP,Other / Multiple Races,70826
Kentucky,37.66814,-84.670067,Medicare,Other / Multiple Races,21967
Kentucky,37.66814,-84.670067,Insured,White,3489164
Kentucky,37.66814,-84.670067,Medicaid/CHIP,White,712121
Kentucky,37.66814,-84.670067,Medicare,White,796319
Louisiana,31.169546,-91.867805,Insured,African-American / Black,1297517
Louisiana,31.169546,-91.867805,Medicaid/CHIP,African-American / Black,552786
Louisiana,31.169546,-91.867805,Medicare,African-American / Black,230941
Louisiana,31.169546,-91.867805,Insured,American Indian / Alaska Native,15923
Louisiana,31.169546,-91.867805,Medicaid/CHIP,American Indian / Alaska Native,4661
Louisiana,31.169546,-91.867805,Medicare,American Indian / Alaska Native,3649
Louisiana,31.169546,-91.867805,Insured,Asian,73481
Louisiana,31.169546,-91.867805,Medicaid/CHIP,Asian,15488
Louisiana,31.169546,-91.867805,Medicare,Asian,9897
Louisiana,31.169546,-91.867805,Insured,Hispanic / Latino,191474
Louisiana,31.169546,-91.867805,Medicaid/CHIP,Hispanic / Latino,70613
Louisiana,31.169546,-91.867805,Medicare,Hispanic / Latino,22376
Louisiana,31.169546,-91.867805,Insured,Native Hawaiian and Other Pacific Islander,N/A
Louisiana,31.169546,-91.867805,Medicaid/CHIP,Native Hawaiian and Other Pacific Islander,N/A
Louisiana,31.169546,-91.867805,Medicare,Native Hawaiian and Other Pacific Islander,N/A
Louisiana,31.169546,-91.867805,Insured,Other / Multiple Races,181496
Louisiana,31.169546,-91.867805,Medicaid/CHIP,Other / Multiple Races,59924
Louisiana,31.169546,-91.867805,Medicare,Other / Multiple Races,22830
Louisiana,31.169546,-91.867805,Insured,White,2445381
Louisiana,31.169546,-91.867805,Medicaid/CHIP,White,415038
Louisiana,31.169546,-91.867805,Medicare,White,573614
Maine,44.693947,-69.381927,Insured,African-American / Black,19697
Maine,44.693947,-69.381927,Medicaid/CHIP,African-American / Black,6950
Maine,44.693947,-69.381927,Medicare,African-American / Black,1448
Maine,44.693947,-69.381927,Insured,American Indian / Alaska Native,5167
Maine,44.693947,-69.381927,Medicaid/CHIP,American Indian / Alaska Native,2044
Maine,44.693947,-69.381927,Medicare,American Indian / Alaska Native,500
Maine,44.693947,-69.381927,Insured,Asian,12438
Maine,44.693947,-69.381927,Medicaid/CHIP,Asian,1627
Maine,44.693947,-69.381927,Medicare,Asian,1041
Maine,44.693947,-69.381927,Insured,Hispanic / Latino,27051
Maine,44.693947,-69.381927,Medicaid/CHIP,Hispanic / Latino,8142
Maine,44.693947,-69.381927,Medicare,Hispanic / Latino,3074
Maine,44.693947,-69.381927,Insured,Native Hawaiian and Other Pacific Islander,N/A
Maine,44.693947,-69.381927,Medicaid/CHIP,Native Hawaiian and Other Pacific Islander,N/A
Maine,44.693947,-69.381927,Medicare,Native Hawaiian and Other Pacific Islander,N/A
Maine,44.693947,-69.381927,Insured,Other / Multiple Races,59083
Maine,44.693947,-69.381927,Medicaid/CHIP,Other / Multiple Races,9235
Maine,44.693947,-69.381927,Medicare,Other / Multiple Races,11704
Maine,44.693947,-69.381927,Insured,White,1157812
Maine,44.693947,-69.381927,Medicaid/CHIP,White,147986
Maine,44.693947,-69.381927,Medicare,White,313961
Maryland,39.063946,-76.802101,Insured,African-American / Black,1690453
Maryland,39.063946,-76.802101,Medicaid/CHIP,African-American / Black,387821
Maryland,39.063946,-76.802101,Medicare,African-American / Black,281848
Maryland,39.063946,-76.802101,Insured,American Indian / Alaska Native,N/A
Maryland,39.063946,-76.802101,Medicaid/CHIP,American Indian / Alaska Native,836
Maryland,39.063946,-76.802101,Medicare,American Indian / Alaska Native,2243
Maryland,39.063946,-76.802101,Insured,Asian,381139
Maryland,39.063946,-76.802101,Medicaid/CHIP,Asian,42495
Maryland,39.063946,-76.802101,Medicare,Asian,54998
Maryland,39.063946,-76.802101,Insured,Hispanic / Latino,539143
Maryland,39.063946,-76.802101,Medicaid/CHIP,Hispanic / Latino,173101
Maryland,39.063946,-76.802101,Medicare,Hispanic / Latino,42951
Maryland,39.063946,-76.802101,Insured,Native Hawaiian and Other Pacific Islander,N/A
Maryland,39.063946,-76.802101,Medicaid/CHIP,Native Hawaiian and Other Pacific Islander,N/A
Maryland,39.063946,-76.802101,Medicare,Native Hawaiian and Other Pacific Islander,N/A
Maryland,39.063946,-76.802101,Insured,Other / Multiple Races,314889
Maryland,39.063946,-76.802101,Medicaid/CHIP,Other / Multiple Races,60060
Maryland,39.063946,-76.802101,Medicare,Other / Multiple Races,26498
Maryland,39.063946,-76.802101,Insured,White,2805723
Maryland,39.063946,-76.802101,Medicaid/CHIP,White,247058
Maryland,39.063946,-76.802101,Medicare,White,646207
Massachusetts,42.230171,-71.530106,Insured,African-American / Black,438717
Massachusetts,42.230171,-71.530106,Medicaid/CHIP,African-American / Black,131182
Massachusetts,42.230171,-71.530106,Medicare,African-American / Black,57261
Massachusetts,42.230171,-71.530106,Insured,American Indian / Alaska Native,4930
Massachusetts,42.230171,-71.530106,Medicaid/CHIP,American Indian / Alaska Native,1229
Massachusetts,42.230171,-71.530106,Medicare,American Indian / Alaska Native,976
Massachusetts,42.230171,-71.530106,Insured,Asian,491637
Massachusetts,42.230171,-71.530106,Medicaid/CHIP,Asian,66322
Massachusetts,42.230171,-71.530106,Medicare,Asian,54937
Massachusetts,42.230171,-71.530106,Insured,Hispanic / Latino,861886
Massachusetts,42.230171,-71.530106,Medicaid/CHIP,Hispanic / Latino,375612
Massachusetts,42.230171,-71.530106,Medicare,Hispanic / Latino,76701
Massachusetts,42.230171,-71.530106,Insured,Native Hawaiian and Other Pacific Islander,N/A
Massachusetts,42.230171,-71.530106,Medicaid/CHIP,Native Hawaiian and Other Pacific Islander,N/A
Massachusetts,42.230171,-71.530106,Medicare,Native Hawaiian and Other Pacific Islander,N/A
Massachusetts,42.230171,-71.530106,Insured,Other / Multiple Races,399131
Massachusetts,42.230171,-71.530106,Medicaid/CHIP,Other / Multiple Races,119822
Massachusetts,42.230171,-71.530106,Medicare,Other / Multiple Races,37519
Massachusetts,42.230171,-71.530106,Insured,White,4559591
Massachusetts,42.230171,-71.530106,Medicaid/CHIP,White,448162
Massachusetts,42.230171,-71.530106,Medicare,White,1064193
Michigan,43.326618,-84.536095,Insured,African-American / Black,1207859
Michigan,43.326618,-84.536095,Medicaid/CHIP,African-American / Black,457950
Michigan,43.326618,-84.536095,Medicare,African-American / Black,217279
Michigan,43.326618,-84.536095,Insured,American Indian / Alaska Native,24713
Michigan,43.326618,-84.536095,Medicaid/CHIP,American Indian / Alaska Native,6847
Michigan,43.326618,-84.536095,Medicare,American Indian / Alaska Native,5431
Michigan,43.326618,-84.536095,Insured,Asian,317902
Michigan,43.326618,-84.536095,Medicaid/CHIP,Asian,39111
Michigan,43.326618,-84.536095,Medicare,Asian,32850
Michigan,43.326618,-84.536095,Insured,Hispanic / Latino,504153
Michigan,43.326618,-84.536095,Medicaid/CHIP,Hispanic / Latino,150070
Michigan,43.326618,-84.536095,Medicare,Hispanic / Latino,42741
Michigan,43.326618,-84.536095,Insured,Native Hawaiian and Other Pacific Islander,N/A
Michigan,43.326618,-84.536095,Medicaid/CHIP,Native Hawaiian and Other Pacific Islander,N/A
Michigan,43.326618,-84.536095,Medicare,Native Hawaiian and Other Pacific Islander,N/A
Michigan,43.326618,-84.536095,Insured,Other / Multiple Races,473316
Michigan,43.326618,-84.536095,Medicaid/CHIP,Other / Multiple Races,121129
Michigan,43.326618,-84.536095,Medicare,Other / Multiple Races,49595
Michigan,43.326618,-84.536095,Insured,White,6946620
Michigan,43.326618,-84.536095,Medicaid/CHIP,White,901910
Michigan,43.326618,-84.536095,Medicare,White,1670039
Minnesota,45.694454,-93.900192,Insured,African-American / Black,345162
Minnesota,45.694454,-93.900192,Medicaid/CHIP,African-American / Black,157789
Minnesota,45.694454,-93.900192,Medicare,African-American / Black,26726
Minnesota,45.694454,-93.900192,Insured,American Indian / Alaska Native,33197
Minnesota,45.694454,-93.900192,Medicaid/CHIP,American Indian / Alaska Native,16107
Minnesota,45.694454,-93.900192,Medicare,American Indian / Alaska Native,4494
Minnesota,45.694454,-93.900192,Insured,Asian,276772
Minnesota,45.694454,-93.900192,Medicaid/CHIP,Asian,58344
Minnesota,45.694454,-93.900192,Medicare,Asian,21138
Minnesota,45.694454,-93.900192,Insured,Hispanic / Latino,275752
Minnesota,45.694454,-93.900192,Medicaid/CHIP,Hispanic / Latino,78378
Minnesota,45.694454,-93.900192,Medicare,Hispanic / Latino,12593
Minnesota,45.694454,-93.900192,Insured,Native Hawaiian and Other Pacific Islander,N/A
Minnesota,45.694454,-93.900192,Medicaid/CHIP,Native Hawaiian and Other Pacific Islander,N/A
Minnesota,45.694454,-93.900192,Medicare,Native Hawaiian and Other Pacific Islander,N/A
Minnesota,45.694454,-93.900192,Insured,Other / Multiple Races,297193
Minnesota,45.694454,-93.900192,Medicaid/CHIP,Other / Multiple Races,69378
Minnesota,45.694454,-93.900192,Medicare,Other / Multiple Races,22998
Minnesota,45.694454,-93.900192,Insured,White,4186744
Minnesota,45.694454,-93.900192,Medicaid/CHIP,White,407179
Minnesota,45.694454,-93.900192,Medicare,White,922514
Mississippi,32.741646,-89.678696,Insured,African-American / Black,921799
Mississippi,32.741646,-89.678696,Medicaid/CHIP,African-American / Black,272280
Mississippi,32.741646,-89.678696,Medicare,African-American / Black,181563
Mississippi,32.741646,-89.678696,Insured,American Indian / Alaska Native,9781
Mississippi,32.741646,-89.678696,Medicaid/CHIP,American Indian / Alaska Native,2767
Mississippi,32.741646,-89.678696,Medicare,American Indian / Alaska Native,1948
Mississippi,32.741646,-89.678696,Insured,Asian,21489
Mississippi,32.741646,-89.678696,Medicaid/CHIP,Asian,886
Mississippi,32.741646,-89.678696,Medicare,Asian,3525
Mississippi,32.741646,-89.678696,Insured,Hispanic / Latino,72162
Mississippi,32.741646,-89.678696,Medicaid/CHIP,Hispanic / Latino,22810
Mississippi,32.741646,-89.678696,Medicare,Hispanic / Latino,5361
Mississippi,32.741646,-89.678696,Insured,Native Hawaiian and Other Pacific Islander,N/A
Mississippi,32.741646,-89.678696,Medicaid/CHIP,Native Hawaiian and Other Pacific Islander,N/A
Mississippi,32.741646,-89.678696,Medicare,Native Hawaiian and Other Pacific Islander,N/A
Mississippi,32.741646,-89.678696,Insured,Other / Multiple Races,87970
Mississippi,32.741646,-89.678696,Medicaid/CHIP,Other / Multiple Races,23478
Mississippi,32.741646,-89.678696,Medicare,Other / Multiple Races,14106
Mississippi,32.741646,-89.678696,Insured,White,1463639
Mississippi,32.741646,-89.678696,Medicaid/CHIP,White,164065
Mississippi,32.741646,-89.678696,Medicare,White,377311
Missouri,38.456085,-92.288368,Insured,African-American / Black,579733
Missouri,38.456085,-92.288368,Medicaid/CHIP,African-American / Black,153114
Missouri,38.456085,-92.288368,Medicare,African-American / Black,100176
Missouri,38.456085,-92.288368,Insured,American Indian / Alaska Native,9423
Missouri,38.456085,-92.288368,Medicaid/CHIP,American Indian / Alaska Native,915
Missouri,38.456085,-92.288368,Medicare,American Indian / Alaska Native,1648
Missouri,38.456085,-92.288368,Insured,Asian,120886
Missouri,38.456085,-92.288368,Medicaid/CHIP,Asian,9377
Missouri,38.456085,-92.288368,Medicare,Asian,11777
Missouri,38.456085,-92.288368,Insured,Hispanic / Latino,239401
Missouri,38.456085,-92.288368,Medicaid/CHIP,Hispanic / Latino,56827
Missouri,38.456085,-92.288368,Medicare,Hispanic / Latino,19340
Missouri,38.456085,-92.288368,Insured,Native Hawaiian and Other Pacific Islander,5795
Missouri,38.456085,-92.288368,Medicaid/CHIP,Native Hawaiian and Other Pacific Islander,1138
Missouri,38.456085,-92.288368,Medicare,Native Hawaiian and Other Pacific Islander,584
Missouri,38.456085,-92.288368,Insured,Other / Multiple Races,313063
Missouri,38.456085,-92.288368,Medicaid/CHIP,Other / Multiple Races,60918
Missouri,38.456085,-92.288368,Medicare,Other / Multiple Races,43871
Missouri,38.456085,-92.288368,Insured,White,4320791
Missouri,38.456085,-92.288368,Medicaid/CHIP,White,432310
Missouri,38.456085,-92.288368,Medicare,White,1023028
Montana,46.921925,-110.454353,Insured,African-American / Black,N/A
Montana,46.921925,-110.454353,Medicaid/CHIP,African-American / Black,N/A
Montana,46.921925,-110.454353,Medicare,African-American / Black,N/A
Montana,46.921925,-110.454353,Insured,American Indian / Alaska Native,46271
Montana,46.921925,-110.454353,Medicaid/CHIP,American Indian / Alaska Native,24779
Montana,46.921925,-110.454353,Medicare,American Indian / Alaska Native,6309
Montana,46.921925,-110.454353,Insured,Asian,6848
Montana,46.921925,-110.454353,Medicaid/CHIP,Asian,1031
Montana,46.921925,-110.454353,Medicare,Asian,859
Montana,46.921925,-110.454353,Insured,Hispanic / Latino,45834
Montana,46.921925,-110.454353,Medicaid/CHIP,Hispanic / Latino,18923
Montana,46.921925,-110.454353,Medicare,Hispanic / Latino,2386
Montana,46.921925,-110.454353,Insured,Native Hawaiian and Other Pacific Islander,N/A
Montana,46.921925,-110.454353,Medicaid/CHIP,Native Hawaiian and Other Pacific Islander,N/A
Montana,46.921925,-110.454353,Medicare,Native Hawaiian and Other Pacific Islander,N/A
Montana,46.921925,-110.454353,Insured,Other / Multiple Races,58809
Montana,46.921925,-110.454353,Medicaid/CHIP,Other / Multiple Races,14160
Montana,46.921925,-110.454353,Medicare,Other / Multiple Races,9283
Montana,46.921925,-110.454353,Insured,White,859365
Montana,46.921925,-110.454353,Medicaid/CHIP,White,123511
Montana,46.921925,-110.454353,Medicare,White,214194
Nebraska,41.12537,-98.268082,Insured,African-American / Black,72630
Nebraska,41.12537,-98.268082,Medicaid/CHIP,African-American / Black,24486
Nebraska,41.12537,-98.268082,Medicare,African-American / Black,8429
Nebraska,41.12537,-98.268082,Insured,American Indian / Alaska Native,8311
Nebraska,41.12537,-98.268082,Medicaid/CHIP,American Indian / Alaska Native,2793
Nebraska,41.12537,-98.268082,Medicare,American Indian / Alaska Native,1338
Nebraska,41.12537,-98.268082,Insured,Asian,43511
Nebraska,41.12537,-98.268082,Medicaid/CHIP,Asian,3857
Nebraska,41.12537,-98.268082,Medicare,Asian,2819
Nebraska,41.12537,-98.268082,Insured,Hispanic / Latino,194753
Nebraska,41.12537,-98.268082,Medicaid/CHIP,Hispanic / Latino,56833
Nebraska,41.12537,-98.268082,Medicare,Hispanic / Latino,13863
Nebraska,41.12537,-98.268082,Insured,Native Hawaiian and Other Pacific Islander,N/A
Nebraska,41.12537,-98.268082,Medicaid/CHIP,Native Hawaiian and Other Pacific Islander,N/A
Nebraska,41.12537,-98.268082,Medicare,Native Hawaiian and Other Pacific Islander,N/A
Nebraska,41.12537,-98.268082,Insured,Other / Multiple Races,88516
Nebraska,41.12537,-98.268082,Medicaid/CHIP,Other / Multiple Races,20409
Nebraska,41.12537,-98.268082,Medicare,Other / Multiple Races,8795
Nebraska,41.12537,-98.268082,Insured,White,1408000
Nebraska,41.12537,-98.268082,Medicaid/CHIP,White,115122
Nebraska,41.12537,-98.268082,Medicare,White,304929
Nevada,38.313515,-117.055374,Insured,African-American / Black,251064
Nevada,38.313515,-117.055374,Medicaid/CHIP,African-American / Black,72909
Nevada,38.313515,-117.055374,Medicare,African-American / Black,40964
Nevada,38.313515,-117.055374,Insured,American Indian / Alaska Native,13523
Nevada,38.313515,-117.055374,Medicaid/CHIP,American Indian / Alaska Native,3126
Nevada,38.313515,-117.055374,Medicare,American Indian / Alaska Native,3671
Nevada,38.313515,-117.055374,Insured,Asian,257989
Nevada,38.313515,-117.055374,Medicaid/CHIP,Asian,30929
Nevada,38.313515,-117.055374,Medicare,Asian,53801
Nevada,38.313515,-117.055374,Insured,Hispanic / Latino,771169
Nevada,38.313515,-117.055374,Medicaid/CHIP,Hispanic / Latino,204285
Nevada,38.313515,-117.055374,Medicare,Hispanic / Latino,71875
Nevada,38.313515,-117.055374,Insured,Native Hawaiian and Other Pacific Islander,17239
Nevada,38.313515,-117.055374,Medicaid/CHIP,Native Hawaiian and Other Pacific Islander,4786
Nevada,38.313515,-117.055374,Medicare,Native Hawaiian and Other Pacific Islander,1092
Nevada,38.313515,-117.055374,Insured,Other / Multiple Races,181135
Nevada,38.313515,-117.055374,Medicaid/CHIP,Other / Multiple Races,32552
Nevada,38.313515,-117.055374,Medicare,Other / Multiple Races,20012
Nevada,38.313515,-117.055374,Insured,White,1312482
Nevada,38.313515,-117.055374,Medicaid/CHIP,White,138235
Nevada,38.313515,-117.055374,Medicare,White,372700
New Hampshire,43.452492,-71.563896,Insured,African-American / Black,18525
New Hampshire,43.452492,-71.563896,Medicaid/CHIP,African-American / Black,4767
New Hampshire,43.452492,-71.563896,Medicare,African-American / Black,2294
New Hampshire,43.452492,-71.563896,Insured,American Indian / Alaska Native,N/A
New Hampshire,43.452492,-71.563896,Medicaid/CHIP,American Indian / Alaska Native,N/A
New Hampshire,43.452492,-71.563896,Medicare,American Indian / Alaska Native,N/A
New Hampshire,43.452492,-71.563896,Insured,Asian,33841
New Hampshire,43.452492,-71.563896,Medicaid/CHIP,Asian,2415
New Hampshire,43.452492,-71.563896,Medicare,Asian,2579
New Hampshire,43.452492,-71.563896,Insured,Hispanic / Latino,54533
New Hampshire,43.452492,-71.563896,Medicaid/CHIP,Hispanic / Latino,17015
New Hampshire,43.452492,-71.563896,Medicare,Hispanic / Latino,3643
New Hampshire,43.452492,-71.563896,Insured,Native Hawaiian and Other Pacific Islander,N/A
New Hampshire,43.452492,-71.563896,Medicaid/CHIP,Native Hawaiian and Other Pacific Islander,N/A
New Hampshire,43.452492,-71.563896,Medicare,Native Hawaiian and Other Pacific Islander,N/A
New Hampshire,43.452492,-71.563896,Insured,Other / Multiple Races,60033
New Hampshire,43.452492,-71.563896,Medicaid/CHIP,Other / Multiple Races,8806
New Hampshire,43.452492,-71.563896,Medicare,Other / Multiple Races,7770
New Hampshire,43.452492,-71.563896,Insured,White,1148975
New Hampshire,43.452492,-71.563896,Medicaid/CHIP,White,100617
New Hampshire,43.452492,-71.563896,Medicare,White,279757
New Jersey,40.298904,-74.521011,Insured,African-American / Black,1008529
New Jersey,40.298904,-74.521011,Medicaid/CHIP,African-American / Black,249569
New Jersey,40.298904,-74.521011,Medicare,African-American / Black,169284
New Jersey,40.298904,-74.521011,Insured,American Indian / Alaska Native,7685
New Jersey,40.298904,-74.521011,Medicaid/CHIP,American Indian / Alaska Native,1354
New Jersey,40.298904,-74.521011,Medicare,American Indian / Alaska Native,1528
New Jersey,40.298904,-74.521011,Insured,Asian,882661
New Jersey,40.298904,-74.521011,Medicaid/CHIP,Asian,71664
New Jersey,40.298904,-74.521011,Medicare,Asian,114383
New Jersey,40.298904,-74.521011,Insured,Hispanic / Latino,1671774
New Jersey,40.298904,-74.521011,Medicaid/CHIP,Hispanic / Latino,487960
New Jersey,40.298904,-74.521011,Medicare,Hispanic / Latino,200759
New Jersey,40.298904,-74.521011,Insured,Native Hawaiian and Other Pacific Islander,N/A
New Jersey,40.298904,-74.521011,Medicaid/CHIP,Native Hawaiian and Other Pacific Islander,N/A
New Jersey,40.298904,-74.521011,Medicare,Native Hawaiian and Other Pacific Islander,N/A
New Jersey,40.298904,-74.521011,Insured,Other / Multiple Races,383563
New Jersey,40.298904,-74.521011,Medicaid/CHIP,Other / Multiple Races,70933
New Jersey,40.298904,-74.521011,Medicare,Other / Multiple Races,39731
New Jersey,40.298904,-74.521011,Insured,White,4601121
New Jersey,40.298904,-74.521011,Medicaid/CHIP,White,383179
New Jersey,40.298904,-74.521011,Medicare,White,1110757
New Mexico,34.840515,-106.248482,Insured,African-American / Black,32775
New Mexico,34.840515,-106.248482,Medicaid/CHIP,African-American / Black,9388
New Mexico,34.840515,-106.248482,Medicare,African-American / Black,5523
New Mexico,34.840515,-106.248482,Insured,American Indian / Alaska Native,144583
New Mexico,34.840515,-106.248482,Medicaid/CHIP,American Indian / Alaska Native,75794
New Mexico,34.840515,-106.248482,Medicare,American Indian / Alaska Native,24892
New Mexico,34.840515,-106.248482,Insured,Asian,32076
New Mexico,34.840515,-106.248482,Medicaid/CHIP,Asian,3377
New Mexico,34.840515,-106.248482,Medicare,Asian,3375
New Mexico,34.840515,-106.248482,Insured,Hispanic / Latino,946414
New Mexico,34.840515,-106.248482,Medicaid/CHIP,Hispanic / Latino,337337
New Mexico,34.840515,-106.248482,Medicare,Hispanic / Latino,160748
New Mexico,34.840515,-106.248482,Insured,Native Hawaiian and Other Pacific Islander,N/A
New Mexico,34.840515,-106.248482,Medicaid/CHIP,Native Hawaiian and Other Pacific Islander,N/A
New Mexico,34.840515,-106.248482,Medicare,Native Hawaiian and Other Pacific Islander,N/A
New Mexico,34.840515,-106.248482,Insured,Other / Multiple Races,69808
New Mexico,34.840515,-106.248482,Medicaid/CHIP,Other / Multiple Races,14765
New Mexico,34.840515,-106.248482,Medicare,Other / Multiple Races,14206
New Mexico,34.840515,-106.248482,Insured,White,692065
New Mexico,34.840515,-106.248482,Medicaid/CHIP,White,93198
New Mexico,34.840515,-106.248482,Medicare,White,231460
New York,42.165726,-74.948051,Insured,African-American / Black,2458810
New York,42.165726,-74.948051,Medicaid/CHIP,African-American / Black,782214
New York,42.165726,-74.948051,Medicare,African-American / Black,438698
New York,42.165726,-74.948051,Insured,American Indian / Alaska Native,30756
New York,42.165726,-74.948051,Medicaid/CHIP,American Indian / Alaska Native,9384
New York,42.165726,-74.948051,Medicare,American Indian / Alaska Native,6514
New York,42.165726,-74.948051,Insured,Asian,1689355
New York,42.165726,-74.948051,Medicaid/CHIP,Asian,466345
New York,42.165726,-74.948051,Medicare,Asian,268798
New York,42.165726,-74.948051,Insured,Hispanic / Latino,3468816
New York,42.165726,-74.948051,Medicaid/CHIP,Hispanic / Latino,1287630
New York,42.165726,-74.948051,Medicare,Hispanic / Latino,465120
New York,42.165726,-74.948051,Insured,Native Hawaiian and Other Pacific Islander,N/A
New York,42.165726,-74.948051,Medicaid/CHIP,Native Hawaiian and Other Pacific Islander,N/A
New York,42.165726,-74.948051,Medicare,Native Hawaiian and Other Pacific Islander,N/A
New York,42.165726,-74.948051,Insured,Other / Multiple Races,891406
New York,42.165726,-74.948051,Medicaid/CHIP,Other / Multiple Races,235457
New York,42.165726,-74.948051,Medicare,Other / Multiple Races,102947
New York,42.165726,-74.948051,Insured,White,10010942
New York,42.165726,-74.948051,Medicaid/CHIP,White,1389428
New York,42.165726,-74.948051,Medicare,White,2415484
North Carolina,35.630066,-79.806419,Insured,African-American / Black,1927624
North Carolina,35.630066,-79.806419,Medicaid/CHIP,African-American / Black,449936
North Carolina,35.630066,-79.806419,Medicare,African-American / Black,368967
North Carolina,35.630066,-79.806419,Insured,American Indian / Alaska Native,77022
North Carolina,35.630066,-79.806419,Medicaid/CHIP,American Indian / Alaska Native,24632
North Carolina,35.630066,-79.806419,Medicare,American Indian / Alaska Native,17057
North Carolina,35.630066,-79.806419,Insured,Asian,312776
North Carolina,35.630066,-79.806419,Medicaid/CHIP,Asian,27368
North Carolina,35.630066,-79.806419,Medicare,Asian,30694
North Carolina,35.630066,-79.806419,Insured,Hispanic / Latino,806152
North Carolina,35.630066,-79.806419,Medicaid/CHIP,Hispanic / Latino,278355
North Carolina,35.630066,-79.806419,Medicare,Hispanic / Latino,52243
North Carolina,35.630066,-79.806419,Insured,Native Hawaiian and Other Pacific Islander,5923
North Carolina,35.630066,-79.806419,Medicaid/CHIP,Native Hawaiian and Other Pacific Islander,381
North Carolina,35.630066,-79.806419,Medicare,Native Hawaiian and Other Pacific Islander,1270
North Carolina,35.630066,-79.806419,Insured,Other / Multiple Races,447759
North Carolina,35.630066,-79.806419,Medicaid/CHIP,Other / Multiple Races,102648
North Carolina,35.630066,-79.806419,Medicare,Other / Multiple Races,44270
North Carolina,35.630066,-79.806419,Insured,White,6037131
North Carolina,35.630066,-79.806419,Medicaid/CHIP,White,544301
North Carolina,35.630066,-79.806419,Medicare,White,1501723
North Dakota,47.528912,-99.784012,Insured,African-American / Black,14319
North Dakota,47.528912,-99.784012,Medicaid/CHIP,African-American / Black,5163
North Dakota,47.528912,-99.784012,Medicare,African-American / Black,N/A
North Dakota,47.528912,-99.784012,Insured,American Indian / Alaska Native,24777
North Dakota,47.528912,-99.784012,Medicaid/CHIP,American Indian / Alaska Native,12740
North Dakota,47.528912,-99.784012,Medicare,American Indian / Alaska Native,3487
North Dakota,47.528912,-99.784012,Insured,Asian,10010
North Dakota,47.528912,-99.784012,Medicaid/CHIP,Asian,N/A
North Dakota,47.528912,-99.784012,Medicare,Asian,719
North Dakota,47.528912,-99.784012,Insured,Hispanic / Latino,28218
North Dakota,47.528912,-99.784012,Medicaid/CHIP,Hispanic / Latino,6115
North Dakota,47.528912,-99.784012,Medicare,Hispanic / Latino,1398
North Dakota,47.528912,-99.784012,Insured,Native Hawaiian and Other Pacific Islander,N/A
North Dakota,47.528912,-99.784012,Medicaid/CHIP,Native Hawaiian and Other Pacific Islander,N/A
North Dakota,47.528912,-99.784012,Medicare,Native Hawaiian and Other Pacific Islander,N/A
North Dakota,47.528912,-99.784012,Insured,Other / Multiple Races,32770
North Dakota,47.528912,-99.784012,Medicaid/CHIP,Other / Multiple Races,6403
North Dakota,47.528912,-99.784012,Medicare,Other / Multiple Races,3250
North Dakota,47.528912,-99.784012,Insured,White,607821
North Dakota,47.528912,-99.784012,Medicaid/CHIP,White,36119
North Dakota,47.528912,-99.784012,Medicare,White,120347
Ohio,40.388783,-82.764915,Insured,African-American / Black,1269659
Ohio,40.388783,-82.764915,Medicaid/CHIP,African-American / Black,466998
Ohio,40.388783,-82.764915,Medicare,African-American / Black,220102
Ohio,40.388783,-82.764915,Insured,American Indian / Alaska Native,8839
Ohio,40.388783,-82.764915,Medicaid/CHIP,American Indian / Alaska Native,1800
Ohio,40.388783,-82.764915,Medicare,American Indian / Alaska Native,2763
Ohio,40.388783,-82.764915,Insured,Asian,274815
Ohio,40.388783,-82.764915,Medicaid/CHIP,Asian,46614
Ohio,40.388783,-82.764915,Medicare,Asian,27158
Ohio,40.388783,-82.764915,Insured,Hispanic / Latino,438897
Ohio,40.388783,-82.764915,Medicaid/CHIP,Hispanic / Latino,146613
Ohio,40.388783,-82.764915,Medicare,Hispanic / Latino,41757
Ohio,40.388783,-82.764915,Insured,Native Hawaiian and Other Pacific Islander,N/A
Ohio,40.388783,-82.764915,Medicaid/CHIP,Native Hawaiian and Other Pacific Islander,N/A
Ohio,40.388783,-82.764915,Medicare,Native Hawaiian and Other Pacific Islander,N/A
Ohio,40.388783,-82.764915,Insured,Other / Multiple Races,527661
Ohio,40.388783,-82.764915,Medicaid/CHIP,Other / Multiple Races,162597
Ohio,40.388783,-82.764915,Medicare,Other / Multiple Races,58598
Ohio,40.388783,-82.764915,Insured,White,8407166
Ohio,40.388783,-82.764915,Medicaid/CHIP,White,1040726
Ohio,40.388783,-82.764915,Medicare,White,1932155
Oklahoma,35.565342,-96.928917,Insured,African-American / Black,228556
Oklahoma,35.565342,-96.928917,Medicaid/CHIP,African-American / Black,77360
Oklahoma,35.565342,-96.928917,Medicare,African-American / Black,41599
Oklahoma,35.565342,-96.928917,Insured,American Indian / Alaska Native,214560
Oklahoma,35.565342,-96.928917,Medicaid/CHIP,American Indian / Alaska Native,59242
Oklahoma,35.565342,-96.928917,Medicare,American Indian / Alaska Native,39225
Oklahoma,35.565342,-96.928917,Insured,Asian,81746
Oklahoma,35.565342,-96.928917,Medicaid/CHIP,Asian,13034
Oklahoma,35.565342,-96.928917,Medicare,Asian,7422
Oklahoma,35.565342,-96.928917,Insured,Hispanic / Latino,369902
Oklahoma,35.565342,-96.928917,Medicaid/CHIP,Hispanic / Latino,140386
Oklahoma,35.565342,-96.928917,Medicare,Hispanic / Latino,22515
Oklahoma,35.565342,-96.928917,Insured,Native Hawaiian and Other Pacific Islander,4801
Oklahoma,35.565342,-96.928917,Medicaid/CHIP,Native Hawaiian and Other Pacific Islander,1023
Oklahoma,35.565342,-96.928917,Medicare,Native Hawaiian and Other Pacific Islander,N/A
Oklahoma,35.565342,-96.928917,Insured,Other / Multiple Races,316735
Oklahoma,35.565342,-96.928917,Medicaid/CHIP,Other / Multiple Races,80612
Oklahoma,35.565342,-96.928917,Medicare,Other / Multiple Races,44675
Oklahoma,35.565342,-96.928917,Insured,White,2268201
Oklahoma,35.565342,-96.928917,Medicaid/CHIP,White,302755
Oklahoma,35.565342,-96.928917,Medicare,White,563959
Oregon,44.572021,-120.538101,Insured,African-American / Black,70009
Oregon,44.572021,-120.538101,Medicaid/CHIP,African-American / Black,15085
Oregon,44.572021,-120.538101,Medicare,African-American / Black,7229
Oregon,44.572021,-120.538101,Insured,American Indian / Alaska Native,25706
Oregon,44.572021,-120.538101,Medicaid/CHIP,American Indian / Alaska Native,6630
Oregon,44.572021,-120.538101,Medicare,American Indian / Alaska Native,5254
Oregon,44.572021,-120.538101,Insured,Asian,182641
Oregon,44.572021,-120.538101,Medicaid/CHIP,Asian,24223
Oregon,44.572021,-120.538101,Medicare,Asian,20971
Oregon,44.572021,-120.538101,Insured,Hispanic / Latino,516335
Oregon,44.572021,-120.538101,Medicaid/CHIP,Hispanic / Latino,174837
Oregon,44.572021,-120.538101,Medicare,Hispanic / Latino,36324
Oregon,44.572021,-120.538101,Insured,Native Hawaiian and Other Pacific Islander,12715
Oregon,44.572021,-120.538101,Medicaid/CHIP,Native Hawaiian and Other Pacific Islander,2603
Oregon,44.572021,-120.538101,Medicare,Native Hawaiian and Other Pacific Islander,1043
Oregon,44.572021,-120.538101,Insured,Other / Multiple Races,260808
Oregon,44.572021,-120.538101,Medicaid/CHIP,Other / Multiple Races,52964
Oregon,44.572021,-120.538101,Medicare,Other / Multiple Races,32474
Oregon,44.572021,-120.538101,Insured,White,2881900
Oregon,44.572021,-120.538101,Medicaid/CHIP,White,427785
Oregon,44.572021,-120.538101,Medicare,White,751955
Pennsylvania,40.590752,-77.209755,Insured,African-American / Black,1180586
Pennsylvania,40.590752,-77.209755,Medicaid/CHIP,African-American / Black,358983
Pennsylvania,40.590752,-77.209755,Medicare,African-American / Black,206068
Pennsylvania,40.590752,-77.209755,Insured,American Indian / Alaska Native,8135
Pennsylvania,40.590752,-77.209755,Medicaid/CHIP,American Indian / Alaska Native,2924
Pennsylvania,40.590752,-77.209755,Medicare,American Indian / Alaska Native,1755
Pennsylvania,40.590752,-77.209755,Insured,Asian,456582
Pennsylvania,40.590752,-77.209755,Medicaid/CHIP,Asian,76415
Pennsylvania,40.590752,-77.209755,Medicare,Asian,55033
Pennsylvania,40.590752,-77.209755,Insured,Hispanic / Latino,987763
Pennsylvania,40.590752,-77.209755,Medicaid/CHIP,Hispanic / Latino,379949
Pennsylvania,40.590752,-77.209755,Medicare,Hispanic / Latino,91349
Pennsylvania,40.590752,-77.209755,Insured,Native Hawaiian and Other Pacific Islander,N/A
Pennsylvania,40.590752,-77.209755,Medicaid/CHIP,Native Hawaiian and Other Pacific Islander,N/A
Pennsylvania,40.590752,-77.209755,Medicare,Native Hawaiian and Other Pacific Islander,N/A
Pennsylvania,40.590752,-77.209755,Insured,Other / Multiple Races,536744
Pennsylvania,40.590752,-77.209755,Medicaid/CHIP,Other / Multiple Races,138802
Pennsylvania,40.590752,-77.209755,Medicare,Other / Multiple Races,48846
Pennsylvania,40.590752,-77.209755,Insured,White,8943131
Pennsylvania,40.590752,-77.209755,Medicaid/CHIP,White,915987
Pennsylvania,40.590752,-77.209755,Medicare,White,2260083
Rhode Island,41.680893,-71.51178,Insured,African-American / Black,45046
Rhode Island,41.680893,-71.51178,Medicaid/CHIP,African-American / Black,12965
Rhode Island,41.680893,-71.51178,Medicare,African-American / Black,5238
Rhode Island,41.680893,-71.51178,Insured,American Indian / Alaska Native,N/A
Rhode Island,41.680893,-71.51178,Medicaid/CHIP,American Indian / Alaska Native,N/A
Rhode Island,41.680893,-71.51178,Medicare,American Indian / Alaska Native,N/A
Rhode Island,41.680893,-71.51178,Insured,Asian,33667
Rhode Island,41.680893,-71.51178,Medicaid/CHIP,Asian,4321
Rhode Island,41.680893,-71.51178,Medicare,Asian,3311
Rhode Island,41.680893,-71.51178,Insured,Hispanic / Latino,174985
Rhode Island,41.680893,-71.51178,Medicaid/CHIP,Hispanic / Latino,71134
Rhode Island,41.680893,-71.51178,Medicare,Hispanic / Latino,16154
Rhode Island,41.680893,-71.51178,Insured,Native Hawaiian and Other Pacific Islander,N/A
Rhode Island,41.680893,-71.51178,Medicaid/CHIP,Native Hawaiian and Other Pacific Islander,N/A
Rhode Island,41.680893,-71.51178,Medicare,Native Hawaiian and Other Pacific Islander,N/A
Rhode Island,41.680893,-71.51178,Insured,Other / Multiple Races,62347
Rhode Island,41.680893,-71.51178,Medicaid/CHIP,Other / Multiple Races,13678
Rhode Island,41.680893,-71.51178,Medicare,Other / Multiple Races,7802
Rhode Island,41.680893,-71.51178,Insured,White,720448
Rhode Island,41.680893,-71.51178,Medicaid/CHIP,White,64278
Rhode Island,41.680893,-71.51178,Medicare,White,183149
South Carolina,33.856892,-80.945007,Insured,African-American / Black,1162714
South Carolina,33.856892,-80.945007,Medicaid/CHIP,African-American / Black,295840
South Carolina,33.856892,-80.945007,Medicare,African-American / Black,245672
South Carolina,33.856892,-80.945007,Insured,American Indian / Alaska Native,11762
South Carolina,33.856892,-80.945007,Medicaid/CHIP,American Indian / Alaska Native,3733
South Carolina,33.856892,-80.945007,Medicare,American Indian / Alaska Native,2601
South Carolina,33.856892,-80.945007,Insured,Asian,84221
South Carolina,33.856892,-80.945007,Medicaid/CHIP,Asian,5426
South Carolina,33.856892,-80.945007,Medicare,Asian,10015
South Carolina,33.856892,-80.945007,Insured,Hispanic / Latino,257285
South Carolina,33.856892,-80.945007,Medicaid/CHIP,Hispanic / Latino,80863
South Carolina,33.856892,-80.945007,Medicare,Hispanic / Latino,21159
South Carolina,33.856892,-80.945007,Insured,Native Hawaiian and Other Pacific Islander,N/A
South Carolina,33.856892,-80.945007,Medicaid/CHIP,Native Hawaiian and Other Pacific Islander,N/A
South Carolina,33.856892,-80.945007,Medicare,Native Hawaiian and Other Pacific Islander,N/A
South Carolina,33.856892,-80.945007,Insured,Other / Multiple Races,194106
South Carolina,33.856892,-80.945007,Medicaid/CHIP,Other / Multiple Races,46269
South Carolina,33.856892,-80.945007,Medicare,Other / Multiple Races,22037
South Carolina,33.856892,-80.945007,Insured,White,3047710
South Carolina,33.856892,-80.945007,Medicaid/CHIP,White,292873
South Carolina,33.856892,-80.945007,Medicare,White,808101
South Dakota,44.299782,-99.438828,Insured,African-American / Black,15839
South Dakota,44.299782,-99.438828,Medicaid/CHIP,African-American / Black,1987
South Dakota,44.299782,-99.438828,Medicare,African-American / Black,1442
South Dakota,44.299782,-99.438828,Insured,American Indian / Alaska Native,46589
South Dakota,44.299782,-99.438828,Medicaid/CHIP,American Indian / Alaska Native,25198
South Dakota,44.299782,-99.438828,Medicare,American Indian / Alaska Native,6051
South Dakota,44.299782,-99.438828,Insured,Asian,11711
South Dakota,44.299782,-99.438828,Medicaid/CHIP,Asian,N/A
South Dakota,44.299782,-99.438828,Medicare,Asian,1070
South Dakota,44.299782,-99.438828,Insured,Hispanic / Latino,36213
South Dakota,44.299782,-99.438828,Medicaid/CHIP,Hispanic / Latino,9624
South Dakota,44.299782,-99.438828,Medicare,Hispanic / Latino,3292
South Dakota,44.299782,-99.438828,Insured,Native Hawaiian and Other Pacific Islander,N/A
South Dakota,44.299782,-99.438828,Medicaid/CHIP,Native Hawaiian and Other Pacific Islander,N/A
South Dakota,44.299782,-99.438828,Medicare,Native Hawaiian and Other Pacific Islander,N/A
South Dakota,44.299782,-99.438828,Insured,Other / Multiple Races,34283
South Dakota,44.299782,-99.438828,Medicaid/CHIP,Other / Multiple Races,5772
South Dakota,44.299782,-99.438828,Medicare,Other / Multiple Races,4023
South Dakota,44.299782,-99.438828,Insured,White,678627
South Dakota,44.299782,-99.438828,Medicaid/CHIP,White,39071
South Dakota,44.299782,-99.438828,Medicare,White,156176
Tennessee,35.747845,-86.692345,Insured,African-American / Black,958975
Tennessee,35.747845,-86.692345,Medicaid/CHIP,African-American / Black,244341
Tennessee,35.747845,-86.692345,Medicare,African-American / Black,165075
Tennessee,35.747845,-86.692345,Insured,American Indian / Alaska Native,5406
Tennessee,35.747845,-86.692345,Medicaid/CHIP,American Indian / Alaska Native,1107
Tennessee,35.747845,-86.692345,Medicare,American Indian / Alaska Native,1238
Tennessee,35.747845,-86.692345,Insured,Asian,120415
Tennessee,35.747845,-86.692345,Medicaid/CHIP,Asian,14270
Tennessee,35.747845,-86.692345,Medicare,Asian,11459
Tennessee,35.747845,-86.692345,Insured,Hispanic / Latino,309581
Tennessee,35.747845,-86.692345,Medicaid/CHIP,Hispanic / Latino,107370
Tennessee,35.747845,-86.692345,Medicare,Hispanic / Latino,15889
Tennessee,35.747845,-86.692345,Insured,Native Hawaiian and Other Pacific Islander,N/A
Tennessee,35.747845,-86.692345,Medicaid/CHIP,Native Hawaiian and Other Pacific Islander,N/A
Tennessee,35.747845,-86.692345,Medicare,Native Hawaiian and Other Pacific Islander,N/A
Tennessee,35.747845,-86.692345,Insured,Other / Multiple Races,277880
Tennessee,35.747845,-86.692345,Medicaid/CHIP,Other / Multiple Races,75311
Tennessee,35.747845,-86.692345,Medicare,Other / Multiple Races,34477
Tennessee,35.747845,-86.692345,Insured,White,4646272
Tennessee,35.747845,-86.692345,Medicaid/CHIP,White,516970
Tennessee,35.747845,-86.692345,Medicare,White,1080255
Texas,31.054487,-97.563461,Insured,African-American / Black,2934657
Texas,31.054487,-97.563461,Medicaid/CHIP,African-American / Black,607553
Texas,31.054487,-97.563461,Medicare,African-American / Black,440357
Texas,31.054487,-97.563461,Insured,American Indian / Alaska Native,36786
Texas,31.054487,-97.563461,Medicaid/CHIP,American Indian / Alaska Native,3559
Texas,31.054487,-97.563461,Medicare,American Indian / Alaska Native,8420
Texas,31.054487,-97.563461,Insured,Asian,1461847
Texas,31.054487,-97.563461,Medicaid/CHIP,Asian,89696
Texas,31.054487,-97.563461,Medicare,Asian,170146
Texas,31.054487,-97.563461,Insured,Hispanic / Latino,8867810
Texas,31.054487,-97.563461,Medicaid/CHIP,Hispanic / Latino,2292129
Texas,31.054487,-97.563461,Medicare,Hispanic / Latino,1022204
Texas,31.054487,-97.563461,Insured,Native Hawaiian and Other Pacific Islander,21942
Texas,31.054487,-97.563461,Medicaid/CHIP,Native Hawaiian and Other Pacific Islander,2162
Texas,31.054487,-97.563461,Medicare,Native Hawaiian and Other Pacific Islander,1672
Texas,31.054487,-97.563461,Insured,Other / Multiple Races,936931
Texas,31.054487,-97.563461,Medicaid/CHIP,Other / Multiple Races,117766
Texas,31.054487,-97.563461,Medicare,Other / Multiple Races,107044
Texas,31.054487,-97.563461,Insured,White,10515187
Texas,31.054487,-97.563461,Medicaid/CHIP,White,660504
Texas,31.054487,-97.563461,Medicare,White,2413608
Utah,39.32098,-111.950684,Insured,African-American / Black,29106
Utah,39.32098,-111.950684,Medicaid/CHIP,African-American / Black,5086
Utah,39.32098,-111.950684,Medicare,African-American / Black,1537
Utah,39.32098,-111.950684,Insured,American Indian / Alaska Native,18346
Utah,39.32098,-111.950684,Medicaid/CHIP,American Indian / Alaska Native,4512
Utah,39.32098,-111.950684,Medicare,American Indian / Alaska Native,2495
Utah,39.32098,-111.950684,Insured,Asian,76548
Utah,39.32098,-111.950684,Medicaid/CHIP,Asian,4488
Utah,39.32098,-111.950684,Medicare,Asian,8505
Utah,39.32098,-111.950684,Insured,Hispanic / Latino,400027
Utah,39.32098,-111.950684,Medicaid/CHIP,Hispanic / Latino,65088
Utah,39.32098,-111.950684,Medicare,Hispanic / Latino,24750
Utah,39.32098,-111.950684,Insured,Native Hawaiian and Other Pacific Islander,31851
Utah,39.32098,-111.950684,Medicaid/CHIP,Native Hawaiian and Other Pacific Islander,4794
Utah,39.32098,-111.950684,Medicare,Native Hawaiian and Other Pacific Islander,2408
Utah,39.32098,-111.950684,Insured,Other / Multiple Races,123383
Utah,39.32098,-111.950684,Medicaid/CHIP,Other / Multiple Races,10807
Utah,39.32098,-111.950684,Medicare,Other / Multiple Races,7784
Utah,39.32098,-111.950684,Insured,White,2410788
Utah,39.32098,-111.950684,Medicaid/CHIP,White,149976
Utah,39.32098,-111.950684,Medicare,White,365978
Vermont,44.045876,-72.710686,Insured,African-American / Black,5542
Vermont,44.045876,-72.710686,Medicaid/CHIP,African-American / Black,1562
Vermont,44.045876,-72.710686,Medicare,African-American / Black,534
Vermont,44.045876,-72.710686,Insured,American Indian / Alaska Native,N/A
Vermont,44.045876,-72.710686,Medicaid/CHIP,American Indian / Alaska Native,N/A
Vermont,44.045876,-72.710686,Medicare,American Indian / Alaska Native,N/A
Vermont,44.045876,-72.710686,Insured,Asian,10650
Vermont,44.045876,-72.710686,Medicaid/CHIP,Asian,1869
Vermont,44.045876,-72.710686,Medicare,Asian,1274
Vermont,44.045876,-72.710686,Insured,Hispanic / Latino,14032
Vermont,44.045876,-72.710686,Medicaid/CHIP,Hispanic / Latino,4290
Vermont,44.045876,-72.710686,Medicare,Hispanic / Latino,1104
Vermont,44.045876,-72.710686,Insured,Native Hawaiian and Other Pacific Islander,N/A
Vermont,44.045876,-72.710686,Medicaid/CHIP,Native Hawaiian and Other Pacific Islander,N/A
Vermont,44.045876,-72.710686,Medicare,Native Hawaiian and Other Pacific Islander,N/A
Vermont,44.045876,-72.710686,Insured,Other / Multiple Races,30104
Vermont,44.045876,-72.710686,Medicaid/CHIP,Other / Multiple Races,5992
Vermont,44.045876,-72.710686,Medicare,Other / Multiple Races,5096
Vermont,44.045876,-72.710686,Insured,White,555918
Vermont,44.045876,-72.710686,Medicaid/CHIP,White,92382
Vermont,44.045876,-72.710686,Medicare,White,140412
Virginia,37.769337,-78.169968,Insured,African-American / Black,1457308
Virginia,37.769337,-78.169968,Medicaid/CHIP,African-American / Black,337928
Virginia,37.769337,-78.169968,Medicare,African-American / Black,264166
Virginia,37.769337,-78.169968,Insured,American Indian / Alaska Native,9173
Virginia,37.769337,-78.169968,Medicaid/CHIP,American Indian / Alaska Native,1662
Virginia,37.769337,-78.169968,Medicare,American Indian / Alaska Native,2270
Virginia,37.769337,-78.169968,Insured,Asian,561340
Virginia,37.769337,-78.169968,Medicaid/CHIP,Asian,56079
Virginia,37.769337,-78.169968,Medicare,Asian,71442
Virginia,37.769337,-78.169968,Insured,Hispanic / Latino,726645
Virginia,37.769337,-78.169968,Medicaid/CHIP,Hispanic / Latino,157628
Virginia,37.769337,-78.169968,Medicare,Hispanic / Latino,47661
Virginia,37.769337,-78.169968,Insured,Native Hawaiian and Other Pacific Islander,6282
Virginia,37.769337,-78.169968,Medicaid/CHIP,Native Hawaiian and Other Pacific Islander,1488
Virginia,37.769337,-78.169968,Medicare,Native Hawaiian and Other Pacific Islander,525
Virginia,37.769337,-78.169968,Insured,Other / Multiple Races,437370
Virginia,37.769337,-78.169968,Medicaid/CHIP,Other / Multiple Races,72466
Virginia,37.769337,-78.169968,Medicare,Other / Multiple Races,34624
Virginia,37.769337,-78.169968,Insured,White,4836460
Virginia,37.769337,-78.169968,Medicaid/CHIP,White,439433
Virginia,37.769337,-78.169968,Medicare,White,1092644
Washington,47.400902,-121.490494,Insured,African-American / Black,274063
Washington,47.400902,-121.490494,Medicaid/CHIP,African-American / Black,72121
Washington,47.400902,-121.490494,Medicare,African-American / Black,35230
Washington,47.400902,-121.490494,Insured,American Indian / Alaska Native,58450
Washington,47.400902,-121.490494,Medicaid/CHIP,American Indian / Alaska Native,22651
Washington,47.400902,-121.490494,Medicare,American Indian / Alaska Native,9376
Washington,47.400902,-121.490494,Insured,Asian,724877
Washington,47.400902,-121.490494,Medicaid/CHIP,Asian,64092
Washington,47.400902,-121.490494,Medicare,Asian,91745
Washington,47.400902,-121.490494,Insured,Hispanic / Latino,924089
Washington,47.400902,-121.490494,Medicaid/CHIP,Hispanic / Latino,314332
Washington,47.400902,-121.490494,Medicare,Hispanic / Latino,55793
Washington,47.400902,-121.490494,Insured,Native Hawaiian and Other Pacific Islander,46556
Washington,47.400902,-121.490494,Medicaid/CHIP,Native Hawaiian and Other Pacific Islander,17287
Washington,47.400902,-121.490494,Medicare,Native Hawaiian and Other Pacific Islander,4062
Washington,47.400902,-121.490494,Insured,Other / Multiple Races,536543
Washington,47.400902,-121.490494,Medicaid/CHIP,Other / Multiple Races,112156
Washington,47.400902,-121.490494,Medicare,Other / Multiple Races,53332
Washington,47.400902,-121.490494,Insured,White,4710136
Washington,47.400902,-121.490494,Medicaid/CHIP,White,564111
Washington,47.400902,-121.490494,Medicare,White,1106070
West Virginia,38.491226,-80.954456,Insured,African-American / Black,48471
West Virginia,38.491226,-80.954456,Medicaid/CHIP,African-American / Black,17633
West Virginia,38.491226,-80.954456,Medicare,African-American / Black,12373
West Virginia,38.491226,-80.954456,Insured,American Indian / Alaska Native,N/A
West Virginia,38.491226,-80.954456,Medicaid/CHIP,American Indian / Alaska Native,N/A
West Virginia,38.491226,-80.954456,Medicare,American Indian / Alaska Native,N/A
West Virginia,38.491226,-80.954456,Insured,Asian,11504
West Virginia,38.491226,-80.954456,Medicaid/CHIP,Asian,1756
West Virginia,38.491226,-80.954456,Medicare,Asian,2206
West Virginia,38.491226,-80.954456,Insured,Hispanic / Latino,28524
West Virginia,38.491226,-80.954456,Medicaid/CHIP,Hispanic / Latino,6861
West Virginia,38.491226,-80.954456,Medicare,Hispanic / Latino,2952
West Virginia,38.491226,-80.954456,Insured,Native Hawaiian and Other Pacific Islander,N/A
West Virginia,38.491226,-80.954456,Medicaid/CHIP,Native Hawaiian and Other Pacific Islander,N/A
West Virginia,38.491226,-80.954456,Medicare,Native Hawaiian and Other Pacific Islander,N/A
West Virginia,38.491226,-80.954456,Insured,Other / Multiple Races,66432
West Virginia,38.491226,-80.954456,Medicaid/CHIP,Other / Multiple Races,21651
West Virginia,38.491226,-80.954456,Medicare,Other / Multiple Races,11837
West Virginia,38.491226,-80.954456,Insured,White,1485340
West Virginia,38.491226,-80.954456,Medicaid/CHIP,White,312789
West Virginia,38.491226,-80.954456,Medicare,White,392648
Wisconsin,44.268543,-89.616508,Insured,African-American / Black,305760
Wisconsin,44.268543,-89.616508,Medicaid/CHIP,African-American / Black,121729
Wisconsin,44.268543,-89.616508,Medicare,African-American / Black,40304
Wisconsin,44.268543,-89.616508,Insured,American Indian / Alaska Native,29632
Wisconsin,44.268543,-89.616508,Medicaid/CHIP,American Indian / Alaska Native,9612
Wisconsin,44.268543,-89.616508,Medicare,American Indian / Alaska Native,6927
Wisconsin,44.268543,-89.616508,Insured,Asian,164215
Wisconsin,44.268543,-89.616508,Medicaid/CHIP,Asian,23350
Wisconsin,44.268543,-89.616508,Medicare,Asian,8735
Wisconsin,44.268543,-89.616508,Insured,Hispanic / Latino,364143
Wisconsin,44.268543,-89.616508,Medicaid/CHIP,Hispanic / Latino,113150
Wisconsin,44.268543,-89.616508,Medicare,Hispanic / Latino,28852
Wisconsin,44.268543,-89.616508,Insured,Native Hawaiian and Other Pacific Islander,N/A
Wisconsin,44.268543,-89.616508,Medicaid/CHIP,Native Hawaiian and Other Pacific Islander,N/A
Wisconsin,44.268543,-89.616508,Medicare,Native Hawaiian and Other Pacific Islander,N/A
Wisconsin,44.268543,-89.616508,Insured,Other / Multiple Races,225796
Wisconsin,44.268543,-89.616508,Medicaid/CHIP,Other / Multiple Races,44652
Wisconsin,44.268543,-89.616508,Medicare,Other / Multiple Races,20743
Wisconsin,44.268543,-89.616508,Insured,White,4431161
Wisconsin,44.268543,-89.616508,Medicaid/CHIP,White,412942
Wisconsin,44.268543,-89.616508,Medicare,White,1061421
Wyoming,42.755966,-107.30249,Insured,African-American / Black,3690
Wyoming,42.755966,-107.30249,Medicaid/CHIP,African-American / Black,727
Wyoming,42.755966,-107.30249,Medicare,African-American / Black,N/A
Wyoming,42.755966,-107.30249,Insured,American Indian / Alaska Native,6727
Wyoming,42.755966,-107.30249,Medicaid/CHIP,American Indian / Alaska Native,2551
Wyoming,42.755966,-107.30249,Medicare,American Indian / Alaska Native,1252
Wyoming,42.755966,-107.30249,Insured,Asian,N/A
Wyoming,42.755966,-107.30249,Medicaid/CHIP,Asian,N/A
Wyoming,42.755966,-107.30249,Medicare,Asian,N/A
Wyoming,42.755966,-107.30249,Insured,Hispanic / Latino,51281
Wyoming,42.755966,-107.30249,Medicaid/CHIP,Hispanic / Latino,9398
Wyoming,42.755966,-107.30249,Medicare,Hispanic / Latino,6666
Wyoming,42.755966,-107.30249,Insured,Native Hawaiian and Other Pacific Islander,N/A
Wyoming,42.755966,-107.30249,Medicaid/CHIP,Native Hawaiian and Other Pacific Islander,N/A
Wyoming,42.755966,-107.30249,Medicare,Native Hawaiian and Other Pacific Islander,N/A
Wyoming,42.755966,-107.30249,Insured,Other / Multiple Races,22844
Wyoming,42.755966,-107.30249,Medicaid/CHIP,Other / Multiple Races,2874
Wyoming,42.755966,-107.30249,Medicare,Other / Multiple Races,3418
Wyoming,42.755966,-107.30249,Insured,White,420670
Wyoming,42.755966,-107.30249,Medicaid/CHIP,White,28307
Wyoming,42.755966,-107.30249,Medicare,White,103695